{
    "pressure": [
        1000.0,
        925.0,
        850.0,
        700.0,
        600.0,
        500.0,
        400.0,
        300.0,
        250.0,
        200.0,
        150.0,
        100.0,
        70.0,
        50.0,
        30.0,
        20.0,
        10.0
    ],
    "baseline": [
        -29.818038940429688,
        -44.24211120605469,
        -51.320831298828125,
        -61.152679443359375,
        -70.86213684082031,
        -76.13978576660156,
        -77.60929870605469,
        -71.83499145507812,
        -62.995697021484375,
        -51.85646057128906,
        -33.40055847167969,
        -19.21051025390625,
        -8.494873046875,
        -0.27239990234375,
        9.225738525390625,
        12.97552490234375,
        16.298431396484375
    ],
    "cc_no_rl": [
        -29.10723876953125,
        -42.98223876953125,
        -49.70082092285156,
        -59.11256408691406,
        -68.33030700683594,
        -72.99916076660156,
        -73.63926696777344,
        -66.83842468261719,
        -55.92042541503906,
        -44.533538818359375,
        -25.995925903320312,
        -12.451934814453125,
        -2.610260009765625,
        4.87567138671875,
        13.564178466796875,
        17.047454833984375,
        20.298431396484375
    ],
    "rl_nocc": [
        -28.864791870117188,
        -42.40672302246094,
        -48.719482421875,
        -57.27107238769531,
        -65.01325988769531,
        -67.19581604003906,
        -61.66056823730469,
        -52.10176086425781,
        -43.288665771484375,
        -35.96488952636719,
        -24.715744018554688,
        -15.624114990234375,
        -7.634918212890625,
        -0.95611572265625,
        8.16607666015625,
        12.68536376953125,
        16.298492431640625
    ],
    "cc_rl": [
        -28.289581298828125,
        -41.40391540527344,
        -47.45042419433594,
        -55.723846435546875,
        -63.170318603515625,
        -65.01889038085938,
        -58.89982604980469,
        -49.19007873535156,
        -40.198974609375,
        -32.77674865722656,
        -21.37640380859375,
        -12.162567138671875,
        -4.066009521484375,
        2.702606201171875,
        11.9473876953125,
        16.527435302734375,
        20.298492431640625
    ],
    "ncep": [
        15.179157257080078,
        11.206954002380371,
        7.838220596313477,
        0.21989339590072632,
        -6.448358535766602,
        -14.888837814331055,
        -25.5704402923584,
        -39.36969757080078,
        -46.79785919189453,
        -53.652244567871094,
        -60.563480377197266,
        -67.00602722167969,
        -65.53302001953125,
        -61.48667526245117,
        -55.853580474853516,
        -51.59393310546875,
        -43.21998596191406
    ]
}